{
    "items": [
        {
            "Name": "Arena",
            "TextColor": {
                "r": 0.0,
                "g": 0.0,
                "b": 0.0,
                "a": 1.0
            },
            "IsGradientBackground": true,
            "BackgroundColor": {
                "r": 0.3962264060974121,
                "g": 0.3962264060974121,
                "b": 0.3962264060974121,
                "a": 1.0
            },
            "BackgroundGradient": {
                "serializedVersion": "2",
                "key0": {
                    "r": 0.7843137383460999,
                    "g": 0.4394080340862274,
                    "b": 0.40784314274787905,
                    "a": 1.0
                },
                "key1": {
                    "r": 0.31446534395217898,
                    "g": 0.31446534395217898,
                    "b": 0.31446534395217898,
                    "a": 1.0
                },
                "key2": {
                    "r": 1.0,
                    "g": 1.0,
                    "b": 1.0,
                    "a": 0.0
                },
                "key3": {
                    "r": 1.0,
                    "g": 1.0,
                    "b": 1.0,
                    "a": 0.0
                },
                "key4": {
                    "r": 1.0,
                    "g": 1.0,
                    "b": 1.0,
                    "a": 0.0
                },
                "key5": {
                    "r": 0.0,
                    "g": 0.0,
                    "b": 0.0,
                    "a": 0.0
                },
                "key6": {
                    "r": 0.0,
                    "g": 0.0,
                    "b": 0.0,
                    "a": 0.0
                },
                "key7": {
                    "r": 0.0,
                    "g": 0.0,
                    "b": 0.0,
                    "a": 0.0
                },
                "ctime0": 0,
                "ctime1": 65535,
                "ctime2": 65535,
                "ctime3": 65535,
                "ctime4": 65535,
                "ctime5": 0,
                "ctime6": 0,
                "ctime7": 0,
                "atime0": 0,
                "atime1": 65535,
                "atime2": 0,
                "atime3": 0,
                "atime4": 0,
                "atime5": 0,
                "atime6": 0,
                "atime7": 0,
                "m_Mode": 0,
                "m_ColorSpace": 0,
                "m_NumColorKeys": 2,
                "m_NumAlphaKeys": 2
            },
            "FontSize": 12,
            "FontStyle": 0,
            "TextAnchor": 3,
            "ImageType": 0
        },
        {
            "Name": "Characters",
            "TextColor": {
                "r": 0.0,
                "g": 0.0,
                "b": 0.0,
                "a": 1.0
            },
            "IsGradientBackground": true,
            "BackgroundColor": {
                "r": 0.5,
                "g": 0.5,
                "b": 0.5,
                "a": 1.0
            },
            "BackgroundGradient": {
                "serializedVersion": "2",
                "key0": {
                    "r": 0.4358553886413574,
                    "g": 0.7861634492874146,
                    "b": 0.4079149067401886,
                    "a": 1.0
                },
                "key1": {
                    "r": 0.31446534395217898,
                    "g": 0.31446534395217898,
                    "b": 0.31446534395217898,
                    "a": 1.0
                },
                "key2": {
                    "r": 0.0,
                    "g": 0.0,
                    "b": 0.0,
                    "a": 0.0
                },
                "key3": {
                    "r": 0.0,
                    "g": 0.0,
                    "b": 0.0,
                    "a": 0.0
                },
                "key4": {
                    "r": 0.0,
                    "g": 0.0,
                    "b": 0.0,
                    "a": 0.0
                },
                "key5": {
                    "r": 0.0,
                    "g": 0.0,
                    "b": 0.0,
                    "a": 0.0
                },
                "key6": {
                    "r": 0.0,
                    "g": 0.0,
                    "b": 0.0,
                    "a": 0.0
                },
                "key7": {
                    "r": 0.0,
                    "g": 0.0,
                    "b": 0.0,
                    "a": 0.0
                },
                "ctime0": 0,
                "ctime1": 65535,
                "ctime2": 0,
                "ctime3": 0,
                "ctime4": 0,
                "ctime5": 0,
                "ctime6": 0,
                "ctime7": 0,
                "atime0": 0,
                "atime1": 65535,
                "atime2": 0,
                "atime3": 0,
                "atime4": 0,
                "atime5": 0,
                "atime6": 0,
                "atime7": 0,
                "m_Mode": 0,
                "m_ColorSpace": -1,
                "m_NumColorKeys": 2,
                "m_NumAlphaKeys": 2
            },
            "FontSize": 12,
            "FontStyle": 0,
            "TextAnchor": 3,
            "ImageType": 0
        },
        {
            "Name": "UI",
            "TextColor": {
                "r": 0.0,
                "g": 0.0,
                "b": 0.0,
                "a": 1.0
            },
            "IsGradientBackground": true,
            "BackgroundColor": {
                "r": 0.5,
                "g": 0.5,
                "b": 0.5,
                "a": 1.0
            },
            "BackgroundGradient": {
                "serializedVersion": "2",
                "key0": {
                    "r": 0.40784314274787905,
                    "g": 0.49943500757217409,
                    "b": 0.7843137383460999,
                    "a": 1.0
                },
                "key1": {
                    "r": 0.31446534395217898,
                    "g": 0.31446534395217898,
                    "b": 0.31446534395217898,
                    "a": 1.0
                },
                "key2": {
                    "r": 0.0,
                    "g": 0.0,
                    "b": 0.0,
                    "a": 0.0
                },
                "key3": {
                    "r": 0.0,
                    "g": 0.0,
                    "b": 0.0,
                    "a": 0.0
                },
                "key4": {
                    "r": 0.0,
                    "g": 0.0,
                    "b": 0.0,
                    "a": 0.0
                },
                "key5": {
                    "r": 0.0,
                    "g": 0.0,
                    "b": 0.0,
                    "a": 0.0
                },
                "key6": {
                    "r": 0.0,
                    "g": 0.0,
                    "b": 0.0,
                    "a": 0.0
                },
                "key7": {
                    "r": 0.0,
                    "g": 0.0,
                    "b": 0.0,
                    "a": 0.0
                },
                "ctime0": 0,
                "ctime1": 65535,
                "ctime2": 0,
                "ctime3": 0,
                "ctime4": 0,
                "ctime5": 0,
                "ctime6": 0,
                "ctime7": 0,
                "atime0": 0,
                "atime1": 65535,
                "atime2": 0,
                "atime3": 0,
                "atime4": 0,
                "atime5": 0,
                "atime6": 0,
                "atime7": 0,
                "m_Mode": 0,
                "m_ColorSpace": -1,
                "m_NumColorKeys": 2,
                "m_NumAlphaKeys": 2
            },
            "FontSize": 12,
            "FontStyle": 0,
            "TextAnchor": 3,
            "ImageType": 0
        },
        {
            "Name": "Systems",
            "TextColor": {
                "r": 0.0,